{
  "CAGR": 0.0749881905837928,
  "Volatility": 0.18246747403885843,
  "Sharpe": 0.41096743942333114,
  "Sortino": 0.59673872798727,
  "Calmar": 0.22678582942876455,
  "MaxDrawdown": -0.33065642052096234,
  "WinRate": 0.5215094339622641,
  "ProfitFactor": 1.0889727621246856,
  "TotalReturn": 0.46257661547414175,
  "FinalEquity": 1462576.6154741417
}