{
  "CAGR": 0.8378425132402583,
  "Volatility": 0.262986979390617,
  "Sharpe": 3.185870704251875,
  "Sortino": 5.906639359801699,
  "Calmar": 3.64588761219385,
  "MaxDrawdown": -0.22980481088831506,
  "WinRate": 0.5462184873949579,
  "ProfitFactor": 1.5972539476525744,
  "TotalReturn": 22.60123594595241,
  "FinalEquity": 4720247.189190482
}