{
  "CAGR": 0.07784994019867963,
  "Volatility": 0.18125289602679823,
  "Sharpe": 0.4295100486955504,
  "Sortino": 0.6042368058597889,
  "Calmar": 0.2941896634283977,
  "MaxDrawdown": -0.2646250017469679,
  "WinRate": 0.5248868778280543,
  "ProfitFactor": 1.0922515090933915,
  "TotalReturn": 0.48360635223471293,
  "FinalEquity": 1483606.352234713
}