{
  "CAGR": 1.5730608267603658,
  "Volatility": 0.3978561079781206,
  "Sharpe": 3.953843601282285,
  "Sortino": 9.972622973674842,
  "Calmar": 6.080110644142305,
  "MaxDrawdown": -0.2587224014214088,
  "WinRate": 0.5408163265306123,
  "ProfitFactor": 1.8431038927567975,
  "TotalReturn": 117.86474024939875,
  "FinalEquity": 118864740.24939875
}