{
  "CAGR": 0.7872238706961159,
  "Volatility": 0.2433937852751797,
  "Sharpe": 3.234363070552869,
  "Sortino": 5.9737759374800135,
  "Calmar": 2.95707540968808,
  "MaxDrawdown": -0.26621704272978086,
  "WinRate": 0.5477463712757831,
  "ProfitFactor": 1.5880944007487192,
  "TotalReturn": 19.414069028055824,
  "FinalEquity": 4082813.805611165
}